url;agence;titre;prix;prix_initial;baisse_prix_pct;historique_prix;surface;terrain;prix_m2;dpe;score;mots_detectes;nouvelle;a_baisse;date_collecte;localisation;v
https://www.roques-immobilier.com/vente/435-millau/immeuble/7794-immeuble-de-600-m-sur-3-niveaux-avec-parking;Roques;Immeuble 600 m² 3 etage(s);203254;560000;63.7;[{'date': '09/10/2026', 'prix': 203254}];600.0;360.0;338;A;13;immeuble, plateau brut, Baisse -64%, Prix canon 338 €/m²;False;True;2026-10-09 10:08;Millau;8
https://www.iadfrance.fr/annonce/maison-vente-8-pieces-millau-240m2/r1955348;iad;Maison à vendre 8 pièces 240 m² Millau;235000;235000;0.0;[{'date': '09/10/2026', 'prix': 235000}];240.0;;979;INCONNU;13;immeuble, plateau, opportunité, Prix canon 979 €/m²;False;False;2026-10-09 10:15;Millau;8
https://www.iadfrance.fr/annonce/terrain-vente-millau-297m2/r1843033;iad;Terrain à vendre 297 m² Millau;55400;55400;0.0;[{'date': '09/10/2026', 'prix': 55400}];297.0;297.0;186;INCONNU;13;immeuble, terrain constructible, opportunité, Prix canon 186 €/m²;False;False;2026-10-09 10:16;Millau;8
https://www.iadfrance.fr/annonce/terrain-vente-millau-902m2/r2001829;iad;Terrain à vendre 902 m² Millau;54000;54000;0.0;[{'date': '09/10/2026', 'prix': 54000}];902.0;902.0;59;INCONNU;12;immeuble, hangar, opportunité, Prix canon 59 €/m²;False;False;2026-10-09 10:13;Millau;8
https://www.roques-immobilier.com/vente/435-millau/appartement/8281-appartement-t3-millau-avec-garage;Roques;Appartement 3 pièce(s) 2 chambre(s) 82.38 m²;79600;1104000;92.8;[{'date': '09/10/2026', 'prix': 79600}];82.38;;966;A;11;grenier, travaux, Baisse -93%, Prix canon 966 €/m²;False;True;2026-10-09 10:08;Millau;8
https://www.iadfrance.fr/annonce/maison-vente-4-pieces-millau-320m2/r1865029;iad;Maison à vendre 4 pièces 320 m² Millau;220000;220000;0.0;[{'date': '09/10/2026', 'prix': 220000}];320.0;320.0;687;INCONNU;11;immeuble, atelier, travaux, Prix canon 687 €/m²;False;False;2026-10-09 10:15;Millau;8
https://www.roques-immobilier.com/vente/435-millau/terrain-a-batir/10302-terrain-a-batir-sur-millau;Roques;Terrain à batir;160500;160500;0.0;[{'date': '09/10/2026', 'prix': 160500}];325.0;;493;A;10;immeuble, terrain constructible, Prix canon 493 €/m²;False;False;2026-10-09 10:07;Millau;8
https://www.iadfrance.fr/annonce/terrain-vente-millau-638m2/r1915721;iad;Terrain à vendre 638 m² Millau;90000;90000;0.0;[{'date': '09/10/2026', 'prix': 90000}];638.0;638.0;141;INCONNU;10;immeuble, opportunité, Prix canon 141 €/m²;False;False;2026-10-09 10:15;Millau;8
https://www.jmb-immobilier.com/vente-immeuble-212m-millau-TIMM85675;JMB;;290000;290000;0.0;[{'date': '09/10/2026', 'prix': 290000}];212.0;;1367;INCONNU;9;immeuble, opportunité, travaux;False;False;2026-10-09 10:11;Millau;8
https://www.iadfrance.fr/annonce/maison-vente-7-pieces-millau-109m2/r2102018;iad;Maison à vendre 7 pièces 109 m² Millau;237000;237000;0.0;[{'date': '09/10/2026', 'prix': 237000}];109.0;354.0;2174;E;9;immeuble, à rénover, à rafraichir;False;False;2026-10-09 10:14;Millau;8
https://www.iadfrance.fr/annonce/appartement-vente-3-pieces-millau-47m2/r2072406;iad;Appartement à vendre 3 pièces 47 m² Millau;95000;95000;0.0;[{'date': '09/10/2026', 'prix': 95000}];47.0;;2021;INCONNU;9;immeuble, opportunité, à rafraîchir;False;False;2026-10-09 10:13;Millau;8
https://www.iadfrance.fr/annonce/appartement-vente-3-pieces-millau-41m2/r2072404;iad;Appartement à vendre 3 pièces 41 m² Millau;90000;90000;0.0;[{'date': '09/10/2026', 'prix': 90000}];41.0;;2195;C;9;immeuble, opportunité, travaux;False;False;2026-10-09 10:13;Millau;8
https://www.iadfrance.fr/annonce/maison-vente-4-pieces-millau-96m2/r2065526;iad;Maison à vendre 4 pièces 96 m² Millau;274000;274000;0.0;[{'date': '09/10/2026', 'prix': 274000}];96.0;26.0;2854;INCONNU;9;immeuble, plateau, atelier;False;False;2026-10-09 10:13;Millau;8
https://www.iadfrance.fr/annonce/appartement-vente-3-pieces-millau-52m2/r1972323;iad;Appartement à vendre 3 pièces 52 m² Millau;98000;98000;0.0;[{'date': '09/10/2026', 'prix': 98000}];52.0;;1884;INCONNU;9;immeuble, opportunité, à rafraîchir;False;False;2026-10-09 10:15;Millau;8
https://www.iadfrance.fr/annonce/appartement-vente-5-pieces-millau-123m2/r1843132;iad;Appartement à vendre 5 pièces 123 m² Millau;240000;240000;0.0;[{'date': '09/10/2026', 'prix': 240000}];123.0;;1951;E;9;immeuble, grenier, travaux;False;False;2026-10-09 10:15;Millau;8
https://www.jmb-immobilier.com/vente-terrain-annonce-millau-TTER91644;JMB;;130000;130000;0.0;[{'date': '09/10/2026', 'prix': 130000}];1119.0;1119.0;116;INCONNU;8;remise, terrain constructible, Prix canon 116 €/m²;False;False;2026-10-09 10:11;Millau;8
https://www.roques-immobilier.com/vente/435-millau/terrain-agricole/9972-terrain-non-constructible-avec-hangar-et-maison-de-vigne;Roques;Terrain agricole;54000;54000;0.0;[{'date': '09/10/2026', 'prix': 54000}];902.0;902.0;59;A;8;hangar, opportunité, Prix canon 59 €/m²;False;False;2026-10-09 10:08;Millau;8
https://www.jmb-immobilier.com/vente-local_commercial-1piece-millau-TLOC96057;JMB;;44000;44000;0.0;[{'date': '09/10/2026', 'prix': 44000}];31.0;;1419;INCONNU;8;immeuble, divisible;False;False;2026-10-09 10:10;Millau;8
https://www.iadfrance.fr/annonce/maison-vente-6-pieces-millau-101m2/r2090138;iad;Maison à vendre 6 pièces 101 m² Millau;279500;279500;0.0;[{'date': '09/10/2026', 'prix': 279500}];101.0;101.0;2767;D;8;immeuble, atelier, travaux;False;False;2026-10-09 10:14;Millau;8
https://www.roques-immobilier.com/vente/435-millau/immeuble/10429-immeuble-mixte-avec-appartement-et-local-commercial-belle-opportunite-a-millau;Roques;Immeuble 120 m²;243000;243000;0.0;[{'date': '09/10/2026', 'prix': 243000}];120.0;;2025;A;7;immeuble, grenier;False;False;2026-10-09 10:07;Millau;8
https://www.iadfrance.fr/annonce/appartement-vente-5-pieces-millau-110m2/r1978699;iad;Appartement à vendre 5 pièces 110 m² Millau;250000;250000;0.0;[{'date': '09/10/2026', 'prix': 250000}];110.0;;2272;INCONNU;7;immeuble, opportunité;False;False;2026-10-09 10:14;Millau;8
https://www.iadfrance.fr/annonce/appartement-vente-3-pieces-millau-47m2/r2065928;iad;Appartement à vendre 3 pièces 47 m² Millau;120000;120000;0.0;[{'date': '09/10/2026', 'prix': 120000}];47.0;;2553;INCONNU;7;immeuble, opportunité;False;False;2026-10-09 10:13;Millau;8
https://www.iadfrance.fr/annonce/local-commercial-vente-millau-180m2/r2018529;iad;Restaurant à vendre 180 m² Millau;153400;153400;0.0;[{'date': '09/10/2026', 'prix': 153400}];180.0;;852;INCONNU;7;immeuble, Prix canon 852 €/m²;False;False;2026-10-09 10:13;Millau;8
https://www.iadfrance.fr/annonce/maison-vente-4-pieces-millau-96m2/r1905347;iad;Maison à vendre 4 pièces 96 m² Millau;244000;244000;0.0;[{'date': '09/10/2026', 'prix': 244000}];96.0;;2541;E;7;immeuble, plateau;False;False;2026-10-09 10:16;Millau;8
https://www.iadfrance.fr/annonce/maison-vente-2-pieces-millau-91m2/r1872223;iad;Maison à vendre 2 pièces 90,85 m² Millau;285000;285000;0.0;[{'date': '09/10/2026', 'prix': 285000}];90.85;231.0;3137;INCONNU;7;immeuble, opportunité;False;False;2026-10-09 10:15;Millau;8
https://www.jmb-immobilier.com/vente-appartement-4pieces-millau-TAPP100078;JMB;;96500;96500;0.0;[{'date': '09/10/2026', 'prix': 96500}];95.0;;1015;INCONNU;6;à rénover, Prix canon 1015 €/m²;False;False;2026-10-09 10:11;Millau;8
https://www.roques-immobilier.com/vente/435-millau/terrain/9371-terrain-a-batir-a-millau;Roques;Terrain;75000;75000;0.0;[{'date': '09/10/2026', 'prix': 75000}];939.0;939.0;79;A;6;opportunité, Prix canon 79 €/m²;False;False;2026-10-09 10:09;Millau;8
https://www.iadfrance.fr/annonce/appartement-vente-3-pieces-millau-76m2/r1974169;iad;Appartement à vendre 3 pièces 76 m² Millau;162000;162000;0.0;[{'date': '09/10/2026', 'prix': 162000}];76.0;;2131;INCONNU;6;immeuble, atelier;False;False;2026-10-09 10:13;Millau;8
https://www.iadfrance.fr/annonce/maison-vente-8-pieces-millau-137m2/r2074176;iad;Maison à vendre 8 pièces 137,42 m² Millau;268500;268500;0.0;[{'date': '09/10/2026', 'prix': 268500}];137.42;;1953;INCONNU;6;immeuble, travaux;False;False;2026-10-09 10:13;Millau;8
https://www.iadfrance.fr/annonce/maison-vente-5-pieces-millau-98m2/r1981327;iad;Maison à vendre 5 pièces 98 m² Millau;193000;193000;0.0;[{'date': '09/10/2026', 'prix': 193000}];98.0;464.0;1969;E;6;immeuble, remise;False;False;2026-10-09 10:14;Millau;8
https://www.iadfrance.fr/annonce/appartement-vente-4-pieces-millau-98m2/r2125867;iad;Appartement à vendre 4 pièces 98 m² Millau;169000;169000;0.0;[{'date': '09/10/2026', 'prix': 169000}];98.0;;1724;INCONNU;6;immeuble, travaux;False;False;2026-10-09 10:14;Millau;8
https://www.iadfrance.fr/annonce/appartement-vente-3-pieces-millau-51m2/r2086169;iad;Appartement à vendre 3 pièces 51 m² Millau;75000;75000;0.0;[{'date': '09/10/2026', 'prix': 75000}];51.0;;1470;INCONNU;6;immeuble, travaux;False;False;2026-10-09 10:13;Millau;8
https://www.iadfrance.fr/annonce/appartement-vente-3-pieces-millau-54m2/r2123708;iad;Appartement à vendre 3 pièces 54 m² Millau;98000;98000;0.0;[{'date': '09/10/2026', 'prix': 98000}];54.0;;1814;D;6;immeuble, travaux;False;False;2026-10-09 10:15;Millau;8
https://www.iadfrance.fr/annonce/maison-vente-4-pieces-millau-92m2/r1928341;iad;Maison à vendre 4 pièces 92 m² Millau;253000;253000;0.0;[{'date': '09/10/2026', 'prix': 253000}];92.0;;2750;INCONNU;6;immeuble, travaux;False;False;2026-10-09 10:15;Millau;8
https://www.iadfrance.fr/annonce/appartement-vente-3-pieces-millau-69m2/r1947495;iad;Appartement à vendre 3 pièces 69 m² Millau;179000;179000;0.0;[{'date': '09/10/2026', 'prix': 179000}];69.0;;2594;INCONNU;6;immeuble, travaux;False;False;2026-10-09 10:15;Millau;8
https://www.jmb-immobilier.com/vente-appartement-49m-millau-TAPP100094;JMB;;50000;50000;0.0;[{'date': '09/10/2026', 'prix': 50000}];49.0;;1020;INCONNU;5;travaux, Prix canon 1020 €/m²;False;False;2026-10-09 10:10;Millau;8
https://www.sga-immobilier.com/fr/annonces/millau-p-r301-0-22137-1.html;SGA;13 BIEN(S) TROUVÉ(S) BIENS TROUVÉS À MILLAU;89800;89800;0.0;[{'date': '09/10/2026', 'prix': 89800}];71.0;;1264;INCONNU;4;immeuble;False;False;2026-10-09 10:10;Millau;8
https://www.sga-immobilier.com/fr/annonces-immobilieres-p-r12-1.html;SGA;13 BIENS IMMOBILIERS TROUVÉS;89800;89800;0.0;[{'date': '09/10/2026', 'prix': 89800}];71.0;;1264;INCONNU;4;immeuble;False;False;2026-10-09 10:10;Millau;8
https://www.sga-immobilier.com/fr/annonces/acheter-p-r70-4-1.html;SGA;13 BIENS IMMOBILIERS EN VENTE TROUVÉS;89800;89800;0.0;[{'date': '09/10/2026', 'prix': 89800}];71.0;;1264;INCONNU;4;immeuble;False;False;2026-10-09 10:10;Millau;8
https://www.sga-immobilier.com/fr/annonce/vente-immeuble-millau-p-r7-1200351.html;SGA;"Immeuble , 181m²
en vente à Millau
231 000 € *";231000;231000;0.0;[{'date': '09/10/2026', 'prix': 231000}];181.0;;1276;INCONNU;4;immeuble;False;False;2026-10-09 10:10;Millau;8
https://www.sga-immobilier.com/fr/annonce/vente-appartement-millau-p-r7-120033762.html;SGA;"Appartement 3 pièces, 114m²
en vente à Millau
149 000 € *";149000;149000;0.0;[{'date': '09/10/2026', 'prix': 149000}];114.0;;1307;INCONNU;4;division;False;False;2026-10-09 10:09;Millau;8
https://www.jmb-immobilier.com/vente-appartement-1piece-millau-TAPP100087;JMB;;59000;59000;0.0;[{'date': '09/10/2026', 'prix': 59000}];27.0;;2185;INCONNU;4;immeuble;False;False;2026-10-09 10:11;Millau;8
https://www.jmb-immobilier.com/vente-appartement-69m-millau-TAPP100091;JMB;;124000;124000;0.0;[{'date': '09/10/2026', 'prix': 124000}];69.0;;1797;INCONNU;4;immeuble;False;False;2026-10-09 10:10;Millau;8
https://www.iadfrance.fr/annonce/appartement-vente-5-pieces-millau-102m2/r2032254;iad;Appartement à vendre 5 pièces 102 m² Millau;193000;193000;0.0;[{'date': '09/10/2026', 'prix': 193000}];102.0;;1892;INCONNU;4;immeuble;False;False;2026-10-09 10:13;Millau;8
https://www.iadfrance.fr/annonce/appartement-vente-8-pieces-millau-170m2/r1865049;iad;Appartement à vendre 8 pièces 170 m² Millau;250000;250000;0.0;[{'date': '09/10/2026', 'prix': 250000}];170.0;;1470;INCONNU;4;immeuble;False;False;2026-10-09 10:16;Millau;8
https://www.sga-immobilier.com/fr/annonce/vente-appartement-millau-p-r7-120033781.html;SGA;"Appartement 3 pièces, 71m²
en vente à Millau
89 800 € *";89800;89800;0.0;[{'date': '09/10/2026', 'prix': 89800}];71.0;;1264;INCONNU;3;grenier;False;False;2026-10-09 10:09;Millau;8
https://mesnard-immobilier.com/property/superbe-villa-t6-sur-1400-m2-quartier-martel-millau-12-occitanie-375000-euro;Mesnard maisons;"SUPERBE VILLA T6 SUR 1400 M2 QUARTIER MARTEL; MILLAU 12 (Occitanie). 375000 €uro";133000;375000;64.5;[{'date': '09/10/2026', 'prix': 133000}];80.0;;1662;INCONNU;3;Baisse -64%;False;True;2026-10-09 10:12;Millau;8
https://mesnard-immobilier.com/property/superbe-ferme-typiquement-caussenarde-proche-du-centre-ville-de-millau-12-occitanie;Mesnard maisons;SUPERBE FERME TYPIQUEMENT CAUSSENARDE PROCHE DU CENTRE VILLE DE MILLAU 12 ( Occitanie).;130000;382000;66.0;[{'date': '09/10/2026', 'prix': 130000}];80.0;;1625;INCONNU;3;Baisse -66%;False;True;2026-10-09 10:12;Millau;8
https://www.sga-immobilier.com/fr/annonce/vente-appartement-millau-p-r7-120033753.html;SGA;"Appartement 3 pièces, 51m²
en vente à Millau
90 000 € *";90000;90000;0.0;[{'date': '09/10/2026', 'prix': 90000}];51.0;;1764;E;2;travaux;False;False;2026-10-09 10:10;Millau;8
https://www.sga-immobilier.com/fr/annonce/vente-appartement-millau-p-r7-120033784.html;SGA;"Appartement 4 pièces, 79m²
en vente à Millau
130 000 € *";130000;130000;0.0;[{'date': '09/10/2026', 'prix': 130000}];79.0;;1645;INCONNU;2;travaux;False;False;2026-10-09 10:10;Millau;8
https://www.jmb-immobilier.com/vente-appartement-76m-millau-TAPP100093;JMB;;115000;115000;0.0;[{'date': '09/10/2026', 'prix': 115000}];76.0;;1513;INCONNU;2;travaux;False;False;2026-10-09 10:11;Millau;8
https://www.sga-immobilier.com/fr/annonces/appartement-p-r70-2-1.html;SGA;9 APPARTEMENTS TROUVÉS;89800;89800;0.0;[{'date': '09/10/2026', 'prix': 89800}];71.0;;1264;INCONNU;0;;False;False;2026-10-09 10:09;Millau;8
https://www.sga-immobilier.com/fr/annonce/vente-maison-millau-p-r7-120033754.html;SGA;"Maison 4 pièces, 156m²
en vente à Millau
280 000 € *";280000;280000;0.0;[{'date': '09/10/2026', 'prix': 280000}];156.0;;1794;INCONNU;0;;False;False;2026-10-09 10:09;Millau;8
https://www.sga-immobilier.com/fr/annonce/vente-appartement-millau-p-r7-120033760.html;SGA;"Appartement 4 pièces, 82m²
en vente à Millau
126 000 € *";126000;126000;0.0;[{'date': '09/10/2026', 'prix': 126000}];82.0;;1536;INCONNU;0;;False;False;2026-10-09 10:09;Millau;8
https://www.sga-immobilier.com/fr/annonce/vente-appartement-millau-p-r7-120033787.html;SGA;"Appartement 4 pièces, 77m²
en vente à Millau
175 000 € *";175000;175000;0.0;[{'date': '09/10/2026', 'prix': 175000}];77.0;;2272;INCONNU;0;;False;False;2026-10-09 10:10;Millau;8
https://www.sga-immobilier.com/fr/annonce/vente-appartement-millau-p-r7-120033761.html;SGA;"Appartement 4 pièces, 67m²
en vente à Millau
118 000 € *";118000;118000;0.0;[{'date': '09/10/2026', 'prix': 118000}];67.0;;1761;INCONNU;0;;False;False;2026-10-09 10:09;Millau;8
https://www.sga-immobilier.com/fr/annonce/vente-appartement-millau-p-r7-120033744.html;SGA;"Appartement 3 pièces, 53m²
en vente à Millau
153 000 € *";153000;153000;0.0;[{'date': '09/10/2026', 'prix': 153000}];53.0;;2886;INCONNU;0;;False;False;2026-10-09 10:09;Millau;8
https://mesnard-immobilier.com/property/grande-jasse-de-600-m2-a-deux-pas-de-millau;Mesnard maisons;GRANDE JASSE DE 600 M2 A DEUX PAS DE MILLAU (12) OCCITANIE.;156800;50000;0.0;[{'date': '09/10/2026', 'prix': 156800}];118.0;;1328;INCONNU;0;;False;False;2026-10-09 10:12;Millau;8
https://mesnard-immobilier.com/property/ideal-investissement-locatif-type-2-loue-depuis-8-ans-prix-attractif-de-69000-euro-millau-12-occitanie;Mesnard maisons;IDEAL INVESTISSEMENT LOCATIF. TYPE 2 LOUE DEPUIS 8 ANS. PRIX ATTRACTIF DE 69000 €URO MILLAU 12 (Occitanie).;130000;69000;0.0;[{'date': '09/10/2026', 'prix': 130000}];80.0;;1625;INCONNU;0;;False;False;2026-10-09 10:12;Millau;8
https://www.roques-immobilier.com/vente/435-millau/appartement/10401-appartement-t2-vendu-loue-a-millau;Roques;Appartement 2 pièce(s) 1 chambre(s) 42.2 m²;67000;65000;0.0;[{'date': '09/10/2026', 'prix': 67000}];42.2;939.0;1587;A;0;;False;False;2026-10-09 10:07;Millau;8
https://www.jmb-immobilier.com/vente-appartement-27m-millau-TAPP100095;JMB;;40000;40000;0.0;[{'date': '09/10/2026', 'prix': 40000}];27.0;;1481;INCONNU;0;;False;False;2026-10-09 10:10;Millau;8
https://www.jmb-immobilier.com/vente-appartement-2pieces-millau-TAPP100092;JMB;;64000;64000;0.0;[{'date': '09/10/2026', 'prix': 64000}];30.0;;2133;INCONNU;0;;False;False;2026-10-09 10:11;Millau;8
https://www.jmb-immobilier.com/vente-maison-210m-millau-TMAI99347;JMB;;278000;278000;0.0;[{'date': '09/10/2026', 'prix': 278000}];210.0;700.0;1323;A;0;;False;False;2026-10-09 10:11;Millau;8
